<?xml version="1.0" encoding="UTF-8"?>
<con:soapui-project id="3c4a0c6b-59a4-4afd-9b62-31367e351f7f" activeEnvironment="Default" name="REST Project PetStore" resourceRoot="${projectDir}" soapui-version="5.7.0" abortOnError="false" runType="SEQUENTIAL" xmlns:con="http://eviware.com/soapui/config"><con:settings/><con:interface xsi:type="con:RestService" id="91d6ba5f-781f-425e-ac52-321233dc6159" wadlVersion="http://wadl.dev.java.net/2009/02" name="https://petstore.swagger.io" type="rest" xmlns:xsi="http://www.w3.org/2001/XMLSchema-instance"><con:settings/><con:definitionCache/><con:endpoints><con:endpoint>https://petstore.swagger.io</con:endpoint></con:endpoints><con:resource name="Pet1" path="/v2/pet/9223372000668895480" id="c4a0e196-8dc9-4137-b59f-602a8f76af30"><con:settings/><con:parameters><con:parameter><con:name>status</con:name><con:value/><con:style>QUERY</con:style><con:default/><con:description xsi:nil="true"/></con:parameter></con:parameters><con:method name="ConsultaMascota" id="f3d035e0-af80-4caf-a51e-03590c919a14" method="GET"><con:settings/><con:parameters/><con:representation type="FAULT"><con:mediaType>application/json</con:mediaType><con:status>404</con:status><con:params/><con:element xmlns:ns="https://petstore.swagger.io/v2/pet/100">ns:Fault</con:element></con:representation><con:representation type="RESPONSE"><con:mediaType>application/json</con:mediaType><con:status>200</con:status><con:params/><con:element xmlns:ns="https://petstore.swagger.io/v2/pet/100">ns:Response</con:element></con:representation><con:request name="Request 1" id="cd8d199a-eb44-40aa-8528-287d436929e4" mediaType="application/json"><con:settings><con:setting id="com.eviware.soapui.impl.wsdl.WsdlRequest@request-headers">&lt;xml-fragment/></con:setting></con:settings><con:endpoint>https://petstore.swagger.io</con:endpoint><con:request/><con:originalUri>https://petstore.swagger.io/v2/pet/100</con:originalUri><con:credentials><con:authType>No Authorization</con:authType></con:credentials><con:jmsConfig JMSDeliveryMode="PERSISTENT"/><con:jmsPropertyConfig/><con:parameters><entry key="status" value="" xmlns="http://eviware.com/soapui/config"/></con:parameters><con:parameterOrder><con:entry>status</con:entry></con:parameterOrder></con:request></con:method></con:resource><con:resource name="Pet2" path="/v2/pet/findByStatus" id="324ad6ab-825d-4e53-bfd8-ba21baf93d81"><con:settings/><con:parameters><con:parameter><con:name>status</con:name><con:value/><con:style>QUERY</con:style><con:default/><con:description xsi:nil="true"/></con:parameter></con:parameters><con:method name="ConsultaMascotasDisponibles" id="1a7d56b3-d03e-413e-a0b5-a16347be343b" method="GET"><con:settings/><con:parameters/><con:representation type="FAULT"><con:mediaType>application/xml</con:mediaType><con:status>405</con:status><con:params/><con:element>apiResponse</con:element></con:representation><con:representation type="RESPONSE"><con:mediaType>application/json</con:mediaType><con:status>200</con:status><con:params/><con:element>Response</con:element></con:representation><con:request name="Request 1" id="5f874581-8509-4b35-853b-2936112bbdda" mediaType="application/json"><con:settings><con:setting id="com.eviware.soapui.impl.wsdl.WsdlRequest@request-headers">&lt;xml-fragment/></con:setting></con:settings><con:endpoint>https://petstore.swagger.io</con:endpoint><con:request/><con:originalUri>https://petstore.swagger.io/v2/pet</con:originalUri><con:credentials><con:authType>No Authorization</con:authType></con:credentials><con:jmsConfig JMSDeliveryMode="PERSISTENT"/><con:jmsPropertyConfig/><con:parameters><entry key="status" value="available" xmlns="http://eviware.com/soapui/config"/></con:parameters><con:parameterOrder><con:entry>status</con:entry></con:parameterOrder></con:request></con:method></con:resource><con:resource name="Login" path="/v2/user/login" id="734853d6-0d78-4d07-942c-49178c81e1fc"><con:settings/><con:parameters><con:parameter><con:name>username</con:name><con:value/><con:style>QUERY</con:style><con:default/><con:description xsi:nil="true"/></con:parameter><con:parameter><con:name>password</con:name><con:value/><con:style>QUERY</con:style><con:default/><con:description xsi:nil="true"/></con:parameter></con:parameters><con:method name="Login" id="68bfcecb-b96c-4730-803a-5829d2b541c2" method="GET"><con:settings/><con:parameters/><con:representation type="RESPONSE"><con:mediaType>application/json</con:mediaType><con:status>200</con:status><con:params/><con:element xmlns:log="https://petstore.swagger.io/v2/user/login">log:Response</con:element></con:representation><con:request name="Request 1" id="24c37bc9-2a9c-4272-80c3-f28563dc95db" mediaType="application/json"><con:settings><con:setting id="com.eviware.soapui.impl.wsdl.WsdlRequest@request-headers">&lt;xml-fragment/></con:setting></con:settings><con:endpoint>https://petstore.swagger.io</con:endpoint><con:request/><con:originalUri>https://petstore.swagger.io/v2/user/login</con:originalUri><con:credentials><con:authType>No Authorization</con:authType></con:credentials><con:jmsConfig JMSDeliveryMode="PERSISTENT"/><con:jmsPropertyConfig/><con:parameters>
  <con:entry key="password" value="pass123"/>
  <con:entry key="username" value="Alicia"/>
</con:parameters><con:parameterOrder><con:entry>username</con:entry><con:entry>password</con:entry></con:parameterOrder></con:request></con:method></con:resource><con:resource name="Logout" path="/v2/user/logout" id="1dfa3b07-7962-4c8f-9a5e-7d1a9e848b60"><con:settings/><con:parameters/><con:method name="Logout" id="b0d4a13b-824f-4391-b116-984014fbbba5" method="GET"><con:settings/><con:parameters/><con:representation type="RESPONSE"><con:mediaType>application/json</con:mediaType><con:status>200</con:status><con:params/><con:element xmlns:log="https://petstore.swagger.io/v2/user/logout">log:Response</con:element></con:representation><con:request name="Request 1" id="bf4ecabe-7e10-4f15-a563-31eb3f899d9e" mediaType="application/json"><con:settings><con:setting id="com.eviware.soapui.impl.wsdl.WsdlRequest@request-headers">&lt;xml-fragment/></con:setting></con:settings><con:endpoint>https://petstore.swagger.io</con:endpoint><con:request/><con:originalUri>https://petstore.swagger.io/v2/user/logout</con:originalUri><con:credentials><con:authType>No Authorization</con:authType></con:credentials><con:jmsConfig JMSDeliveryMode="PERSISTENT"/><con:jmsPropertyConfig/><con:parameters/></con:request></con:method></con:resource><con:resource name="Order" path="/v2/store/order" id="07aaaf39-9634-469f-b282-4557514a3c66"><con:settings/><con:parameters/><con:method name="NewOrder" id="55a0adcc-1953-4e12-a76b-a73d22917186" method="POST"><con:settings/><con:parameters/><con:representation type="RESPONSE"><con:mediaType>application/json</con:mediaType><con:status>200</con:status><con:params/><con:element xmlns:ord="https://petstore.swagger.io/v2/store/order">ord:Response</con:element></con:representation><con:representation type="REQUEST"><con:mediaType>application/json</con:mediaType><con:params/></con:representation><con:request name="Request 1" id="a1497bfa-203b-465c-95a7-b0df057ace79" mediaType="application/json" postQueryString="false"><con:settings><con:setting id="com.eviware.soapui.impl.wsdl.WsdlRequest@request-headers">&lt;xml-fragment/></con:setting></con:settings><con:endpoint>https://petstore.swagger.io</con:endpoint><con:request>{
  "id": 0,
  "petId": 2,
  "quantity": 1,
  "shipDate": "2022-04-13T19:30:13.727Z",
  "status": "placed",
  "complete": true
}</con:request><con:originalUri>https://petstore.swagger.io/v2/store/order</con:originalUri><con:credentials><con:authType>No Authorization</con:authType></con:credentials><con:jmsConfig JMSDeliveryMode="PERSISTENT"/><con:jmsPropertyConfig/><con:parameters/></con:request></con:method></con:resource><con:resource name="User" path="/v2/user/Alicia" id="e2068e1e-2414-4171-811a-976df8f10168"><con:settings/><con:parameters/><con:method name="UpdateUser" id="63c367a6-9c83-4e10-956a-353bbd6e1703" method="PUT"><con:settings/><con:parameters/><con:representation type="REQUEST"><con:mediaType>application/json</con:mediaType><con:params/></con:representation><con:representation type="FAULT"><con:mediaType>application/xml</con:mediaType><con:status>405</con:status><con:params/><con:element>apiResponse</con:element></con:representation><con:representation type="RESPONSE"><con:mediaType>application/json</con:mediaType><con:status>200</con:status><con:params/><con:element xmlns:user="https://petstore.swagger.io/v2/user">user:Response</con:element></con:representation><con:request name="Request 1" id="b9c66b2b-3c4a-45e9-a879-f94ecea6feaa" mediaType="application/json" postQueryString="false"><con:settings><con:setting id="com.eviware.soapui.impl.wsdl.WsdlRequest@request-headers">&lt;xml-fragment/></con:setting></con:settings><con:endpoint>https://petstore.swagger.io</con:endpoint><con:request>{
  "username": "Alicia",
  "firstName": "Alicia",
  "lastName": "Yanina",
  "email": "alicianuevo@mail.com",
  "password": "miPass"
}</con:request><con:originalUri>https://petstore.swagger.io/v2/user</con:originalUri><con:credentials><con:authType>No Authorization</con:authType></con:credentials><con:jmsConfig JMSDeliveryMode="PERSISTENT"/><con:jmsPropertyConfig/><con:parameters/></con:request></con:method><con:method name="GetUser" id="fa05f4e4-4acd-45b5-9fe6-f17a9cd08e85" method="GET"><con:settings/><con:parameters/><con:representation type="RESPONSE"><con:mediaType>application/json</con:mediaType><con:status>200</con:status><con:params/><con:element xmlns:alic="https://petstore.swagger.io/v2/user/Alicia">alic:Response</con:element></con:representation><con:request name="Request 1" id="3b9ebc36-78df-4904-a3f8-f4df71afcdb2" mediaType="application/json"><con:settings><con:setting id="com.eviware.soapui.impl.wsdl.WsdlRequest@request-headers">&lt;xml-fragment/></con:setting></con:settings><con:endpoint>https://petstore.swagger.io</con:endpoint><con:request/><con:originalUri>https://petstore.swagger.io/v2/user/Alicia</con:originalUri><con:credentials><con:authType>No Authorization</con:authType></con:credentials><con:jmsConfig JMSDeliveryMode="PERSISTENT"/><con:jmsPropertyConfig/><con:parameters/></con:request></con:method></con:resource></con:interface><con:testSuite id="74ac66a2-83b1-44de-bd98-16ed99cf2adb" name="https://petstore.swagger.io TestSuite"><con:description>TestSuite generated for REST Service [https://petstore.swagger.io]</con:description><con:settings/><con:runType>PARALLELL</con:runType><con:testCase id="516a0783-5fbc-4b74-83e5-c1ac0db820b6" failOnError="true" failTestCaseOnErrors="true" keepSession="false" maxResults="0" name="Pet1 TestCase" searchProperties="true"><con:description>TestCase generated for REST Resource [Pet1] located at [/v2/pet/9223372000668895480]</con:description><con:settings/><con:testStep type="restrequest" name="Request 1" id="72f9ee47-4c89-45e5-b05d-933c2aea256d"><con:settings/><con:config service="https://petstore.swagger.io" resourcePath="/v2/pet/9223372000668895480" methodName="ConsultaMascota" xsi:type="con:RestRequestStep" xmlns:xsi="http://www.w3.org/2001/XMLSchema-instance"><con:restRequest name="Request 1" id="cd8d199a-eb44-40aa-8528-287d436929e4" mediaType="application/json"><con:settings><con:setting id="com.eviware.soapui.impl.wsdl.WsdlRequest@request-headers">&lt;xml-fragment/></con:setting></con:settings><con:endpoint>https://petstore.swagger.io</con:endpoint><con:request/><con:originalUri>https://petstore.swagger.io/v2/pet/100</con:originalUri><con:credentials><con:authType>No Authorization</con:authType></con:credentials><con:jmsConfig JMSDeliveryMode="PERSISTENT"/><con:jmsPropertyConfig/><con:parameters><entry key="status" value="" xmlns="http://eviware.com/soapui/config"/></con:parameters><con:parameterOrder><con:entry>status</con:entry></con:parameterOrder></con:restRequest></con:config></con:testStep><con:properties/></con:testCase><con:testCase id="4990c956-286a-496b-8324-22fd7f767bf3" failOnError="true" failTestCaseOnErrors="true" keepSession="false" maxResults="0" name="Pet2 TestCase" searchProperties="true"><con:description>TestCase generated for REST Resource [Pet2] located at [/v2/pet/findByStatus]</con:description><con:settings/><con:testStep type="restrequest" name="Request 1" id="17e04560-e297-44f6-acbe-04218065d489"><con:settings/><con:config service="https://petstore.swagger.io" resourcePath="/v2/pet/findByStatus" methodName="ConsultaMascotasDisponibles" xsi:type="con:RestRequestStep" xmlns:xsi="http://www.w3.org/2001/XMLSchema-instance"><con:restRequest name="Request 1" id="5f874581-8509-4b35-853b-2936112bbdda" mediaType="application/json"><con:settings><con:setting id="com.eviware.soapui.impl.wsdl.WsdlRequest@request-headers">&lt;xml-fragment/></con:setting></con:settings><con:endpoint>https://petstore.swagger.io</con:endpoint><con:request/><con:originalUri>https://petstore.swagger.io/v2/pet</con:originalUri><con:credentials><con:authType>No Authorization</con:authType></con:credentials><con:jmsConfig JMSDeliveryMode="PERSISTENT"/><con:jmsPropertyConfig/><con:parameters><entry key="status" value="available" xmlns="http://eviware.com/soapui/config"/></con:parameters><con:parameterOrder><con:entry>status</con:entry></con:parameterOrder></con:restRequest></con:config></con:testStep><con:properties/></con:testCase><con:testCase id="958ddc11-8aa4-4a8e-aa5e-0fce75a92321" failOnError="true" failTestCaseOnErrors="true" keepSession="false" maxResults="0" name="Login TestCase" searchProperties="true"><con:description>TestCase generated for REST Resource [Login] located at [/v2/user/login]</con:description><con:settings/><con:testStep type="restrequest" name="Request 1" id="2140fc26-631d-4bf6-84a1-4f4bfa1aea26"><con:settings/><con:config service="https://petstore.swagger.io" resourcePath="/v2/user/login" methodName="Login" xsi:type="con:RestRequestStep" xmlns:xsi="http://www.w3.org/2001/XMLSchema-instance"><con:restRequest name="Request 1" id="24c37bc9-2a9c-4272-80c3-f28563dc95db" mediaType="application/json"><con:settings><con:setting id="com.eviware.soapui.impl.wsdl.WsdlRequest@request-headers">&lt;xml-fragment/></con:setting></con:settings><con:endpoint>https://petstore.swagger.io</con:endpoint><con:request/><con:originalUri>https://petstore.swagger.io/v2/user/login</con:originalUri><con:credentials><con:authType>No Authorization</con:authType></con:credentials><con:jmsConfig JMSDeliveryMode="PERSISTENT"/><con:jmsPropertyConfig/><con:parameters>
  <con:entry key="password" value="pass123"/>
  <con:entry key="username" value="Alicia"/>
</con:parameters><con:parameterOrder><con:entry>username</con:entry><con:entry>password</con:entry></con:parameterOrder></con:restRequest></con:config></con:testStep><con:properties/></con:testCase><con:testCase id="6f077241-46e4-4ebc-9e03-234163e898ea" failOnError="true" failTestCaseOnErrors="true" keepSession="false" maxResults="0" name="Logout TestCase" searchProperties="true"><con:description>TestCase generated for REST Resource [Logout] located at [/v2/user/logout]</con:description><con:settings/><con:testStep type="restrequest" name="Request 1" id="18fb5f8a-1a71-44bc-b28d-64356d97f408"><con:settings/><con:config service="https://petstore.swagger.io" resourcePath="/v2/user/logout" methodName="Logout" xsi:type="con:RestRequestStep" xmlns:xsi="http://www.w3.org/2001/XMLSchema-instance"><con:restRequest name="Request 1" id="bf4ecabe-7e10-4f15-a563-31eb3f899d9e" mediaType="application/json"><con:settings><con:setting id="com.eviware.soapui.impl.wsdl.WsdlRequest@request-headers">&lt;xml-fragment/></con:setting></con:settings><con:endpoint>https://petstore.swagger.io</con:endpoint><con:request/><con:originalUri>https://petstore.swagger.io/v2/user/logout</con:originalUri><con:credentials><con:authType>No Authorization</con:authType></con:credentials><con:jmsConfig JMSDeliveryMode="PERSISTENT"/><con:jmsPropertyConfig/><con:parameters/></con:restRequest></con:config></con:testStep><con:properties/></con:testCase><con:testCase id="1450ab5b-74bf-4791-b6b9-a02e7bf67be1" failOnError="true" failTestCaseOnErrors="true" keepSession="false" maxResults="0" name="Order TestCase" searchProperties="true"><con:description>TestCase generated for REST Resource [Order] located at [/v2/store/order]</con:description><con:settings/><con:testStep type="restrequest" name="Request 1" id="b2dce4b2-af14-4051-9963-4ebbbb60a0b0"><con:settings/><con:config service="https://petstore.swagger.io" resourcePath="/v2/store/order" methodName="NewOrder" xsi:type="con:RestRequestStep" xmlns:xsi="http://www.w3.org/2001/XMLSchema-instance"><con:restRequest name="Request 1" id="a1497bfa-203b-465c-95a7-b0df057ace79" mediaType="application/json" postQueryString="false"><con:settings><con:setting id="com.eviware.soapui.impl.wsdl.WsdlRequest@request-headers">&lt;xml-fragment/></con:setting></con:settings><con:endpoint>https://petstore.swagger.io</con:endpoint><con:request>{
  "id": 0,
  "petId": 2,
  "quantity": 1,
  "shipDate": "2022-04-13T19:30:13.727Z",
  "status": "placed",
  "complete": true
}</con:request><con:originalUri>https://petstore.swagger.io/v2/store/order</con:originalUri><con:credentials><con:authType>No Authorization</con:authType></con:credentials><con:jmsConfig JMSDeliveryMode="PERSISTENT"/><con:jmsPropertyConfig/><con:parameters/></con:restRequest></con:config></con:testStep><con:properties/></con:testCase><con:testCase id="5d3846e3-f2a1-40ee-af0e-9b3933091e20" failOnError="true" failTestCaseOnErrors="true" keepSession="false" maxResults="0" name="User TestCase" searchProperties="true"><con:description>TestCase generated for REST Resource [User] located at [/v2/user/Alicia]</con:description><con:settings/><con:testStep type="restrequest" name="Request 1" id="0a0030c6-8bca-4626-9be9-41fb17f8d7e0"><con:settings/><con:config service="https://petstore.swagger.io" resourcePath="/v2/user/Alicia" methodName="UpdateUser" xsi:type="con:RestRequestStep" xmlns:xsi="http://www.w3.org/2001/XMLSchema-instance"><con:restRequest name="Request 1" id="b9c66b2b-3c4a-45e9-a879-f94ecea6feaa" mediaType="application/json" postQueryString="false"><con:settings><con:setting id="com.eviware.soapui.impl.wsdl.WsdlRequest@request-headers">&lt;xml-fragment/></con:setting></con:settings><con:endpoint>https://petstore.swagger.io</con:endpoint><con:request>{
  "username": "Alicia",
  "firstName": "Alicia",
  "lastName": "Yanina",
  "email": "alicia@mail.com",
  "password": "miPass"
}</con:request><con:originalUri>https://petstore.swagger.io/v2/user</con:originalUri><con:credentials><con:authType>No Authorization</con:authType></con:credentials><con:jmsConfig JMSDeliveryMode="PERSISTENT"/><con:jmsPropertyConfig/><con:parameters/></con:restRequest></con:config></con:testStep><con:properties/></con:testCase><con:properties/></con:testSuite><con:properties/><con:wssContainer/><con:oAuth2ProfileContainer/><con:oAuth1ProfileContainer/><con:sensitiveInformation/></con:soapui-project>